"","text"
"1","RT @KPRC2: Crews begin pumping water from flooded Beltway 8 West. Story and photos --&gt; https://t.co/Tf9RSsOXxK #HoustonFlood #Harvey https:…"
"2","RT @ShernMinKHOU: Amazing @springspiritbb kids wanted to help #Harvey victims. Sold lemonade &amp; got $10,000 check! Proud to tell their story…"
"3","RT @BAP2017: #KeishaWilliams would have turned 33 Saturday.
She died in #Harvey flood waters near her Woodforest apt #ABC13!!
#RIPKeishaWil…"
"4","RT @ChronMed: Hospitals see influx of patients with #Harvey-related symptoms, particularly skin infections https://t.co/CiA9lEUqnE"
"5","RT @BookerT5x: Doing a very special live show in Los Angeles to benefit those affected by #Harvey. Please join me and support! Tix: https:/…"
"6","RT @PoojaOnTV: Wondering why you're stuck I traffic?  So, this is Beltway 8 at Boheme... #abc13 #Harvey https://t.co/w50qcpe5jF"
"7","RT @PoojaOnTV: If you're wondering why traffic is horrible... #Beltway8 #Harvey #Abc13 https://t.co/vH76wWcgua"
"8","RT @UHLAW: . @UHLawDean, Profs G. Hoffman and Janet Beck and UHLC students and alums participate in #Harvey volunteering at NRG Center. #Ho…"
"9","People are looking to each other for help, while politicians start to position themselves for benefitting from relief fund. #Harvey"
"10","That's exactly what they (COE) did. It could have been far worse for thousands more. She is entitled to full restit… https://t.co/G3oECbG6lU"
"11","RT @NickABC13: 6pm on @abc13houston meet Bill Fly. The 99 year-old WWII vet who lost his home during #Harvey but is making a comeback thank…"
"12","Community Pastors coming together to prayer.  #21daysofprayer #harvey"
"13","Thanks again, thunder buddies! <ed><U+00A0><U+00BC><ed><U+00BC><U+00AA><ed><U+00A0><U+00BD><ed><U+00B0><U+00B6> Have fun in your new life! #Harvey #rescuedpetsmovement https://t.co/0fmqQhLecE"
"14","RT @TAMUVET1: 9/5, evening: #VET members + soldiers engaged in ""puppy therapy.""
#TAMU #CVM #Harvey https://t.co/OoMe7sIgrZ"
"15","RT @ChronBrianSmith: J.J. Watt on his plan for how the $27 million-plus raised for #Harvey victims will be used. https://t.co/hfmb2OpHYx"
"16","#TheStory they knew about the problem, but it's not a problem until it's a problem... Now it's a problem #Harvey #TexasStrong"
"17","RT @SenTedCruz: Recognized @JJWatt for his devout commitment to helping fellow Texans rebuild after #Harvey. #TexansHelpingTexans #TexasStr…"
"18","RT @kwri: To support our #KWFamily affected by #Harvey and #Irma, we're raising $20M in support of Hurricane Recovery. https://t.co/KBFk9fJ…"
"19","RT @RyanBLeslie: H-E-B you've made me a lifetime customer. @HEBPrepared @HEB 
#TexasStrong #Harvey https://t.co/GWM4FmeLlT"
"20","@pheeldoulap @AndrewRedlawsk @Iceleg @dnauerbach13 I feel your pain, as I live in port Aransas Texas. We took the initial hit from #Harvey."
"21","RT @KPLC7News: Doctors warn of health hazards associated with flood waters #Harvey
https://t.co/xMmZON5nXw https://t.co/7k5TOMeLkP"
"22","RT @Schrader_Adam: @PolkCoSheriff Additionally look at #Harvey as a case study  https://t.co/WkUC9nMIvt"
"23","RT @TexasDSHS: #Harvey (and now #Irma) remind us why emergency prep is so important. Take time to build a ""go kit"" w/ the info at https://t…"
"24","Task Force #Harvey flights out of the practice field @KatyHSPrincipal https://t.co/Ghpvaq0tGT"
"25","RT @TxCDD: #Translation Stipends to increase access to services &amp; supports for people with #disabilities impacted by #Harvey.

https://t.co…"
"26","@tomcolicchio just FYI - post #harvey every #HISD student can get 3 free meals a day. From NYC but live in Houston… https://t.co/NCvwXwue4O"
"27","RT @abc13houston: Do you have questions about renter's rights after #Harvey? Ask @TedABC13 a question NOW on Facebook Live: https://t.co/Wu…"
"28","@TheLiberalUG @realDonaldTrump HEART OF THE DEAL... 
ahahahaha
POTUS is brilliant.
Get the money to the homeless in… https://t.co/J0zXwLpp0S"
"29","@SBISD students will NOT have to make up the 10 school days missed due to #Harvey , board approved request of waiver #springbranchisd"
"30","51 inches: 5 stories of terror, heartbreak and heroism @HoustonChron #Harvey  https://t.co/PmN6mij7lk"
"31","RT @abc13houston: We want you to #TurnToTed on Facebook Live at 6 for all your questions on renter's rights linked to #Harvey. Submit a que…"
"32","RT @foundmemag: If you have a story or an experience to share about #Harvey we want to know."
"33","RT @BetsyFurler: I was on the @SatSisters this week talking about #Harvey and #HoustonStrong 
https://t.co/bhWu793qZj"
"34","RT @dsilverman: Get used to seeing debris from #Harvey cleanups. https://t.co/gnah0hIDGf It will be with us for months. By @mmorris011 #hou…"
"35","RT @TexasObserver: More than a week after #Harvey, Texas &amp; @USDA have yet to approve a food aid program designed to help victims https://t.…"
"36","RT @TexasDSHS: Questions about #Harvey-related services? Dial 2-1-1 and select options 5 (food benefits, shelters) or 2 (TANF, Medicaid, CH…"
"37","RT @UHouston: Having transportation issues after #Harvey ruined your ride? Waze Carpool is now offering free carpools in Houston <ed><U+00A0><U+00BD><ed><U+00BA><U+0097>https://t…"
"38","RT @EntergyTX: Sept. 6: Here's our 5 p.m. update on #Harvey restoration in #Texas. #HurricaneHarvey https://t.co/o6Lcz9RKSd https://t.co/cA…"
"39","I was on the @SatSisters this week talking about #Harvey and #HoustonStrong 
https://t.co/bhWu793qZj"
"40","I'm so mad at myself for forgetting about jeans day today &amp; wearing real clothes to school! #harvey got my days all… https://t.co/6e99xPXGud"
"41","RT @imkevinquinn: Class action suits filed following massive flooding after release of water from local reservoirs #abc13 @ 6 #harvey #harv…"
"42","RT @KaitlinMcCulley: Keisha Williams would have turned 33 Saturday. She died in #Harvey flood waters near her Woodforest apt #ABC13 https:/…"
"43","RT @MichaelCiaglo: Post-Harvey traffic is no joke. I took these at noon today... good luck to the commuters out there #Harvey https://t.co/…"
"44","Gov. Abbott talks #Harvey with German Chancellor Angela Merkel .  No reports whether Confederate statues came up https://t.co/4y0e1Vq3Y2"
"45","RT @UHouston: First day after #Harvey is in the books! Welcome back, Coogs! https://t.co/Zjz7h8753M"
"46","RT @12NewsNow: House approves first installment of Hurricane Harvey disaster aid #12NewsNowHarvey #Harvey #409Strong https://t.co/2Uv8ITu4e…"
"47","RT @HoustonHealth: Disinfect all toys that were in contact with #Harvey floodwaters before letting kids play. Here is how https://t.co/ZKAD…"
"48","Shoutout to @Apple wife damaged phone while working #harvey relief with TX National Guard. Gave her replacement for free. Out of warranty."
"49","RT @HoustonHealth: Talk to your doctor if you're unsure of your tetanus shot history and repairing a #Harvey-damaged home. https://t.co/927…"
"50","RT @HCSOTexas: Shoutout to @lonestarcollege. Students are in communities handing out supplies since #Harvey hit. #LESM https://t.co/jcUOnFl…"
"51","@apurposefulwife Stop talking about #Harvey"
"52","RT @KPRC2: Rosenberg couple saves home from #Harvey floods by using Aqua Dam. Details, more pics-&gt;https://t.co/CTqXEqz2yf #KPRC2 #HoustonSt…"
"53","RT @DrBobBullard: Will #Houston's Post #Harvey Recovery Exacerbate #Inequities or Build a More Just City? https://t.co/rXxGOuf0v7 via @demo…"
"54","RT @RYHTexas: Hundreds of @RYHTexas alumni live in areas that were affected by #Harvey. Their stories: https://t.co/hKx9lKE8R5 #TxEd #TxEdS…"
"55","RT @mrkmully: It's only been a week. Went back to some of the sites in Meyerland I shot last Sunday. #harvey https://t.co/tOQI4cLwwM"
"56","RT @txvalues: We recommend donating to Samaritan's Purse, helping those affected by #Harvey physically and spiritually. #txlege   https://t…"
"57","RT @HoustonPubMedia: UPDATE: House Passes $7.9 Billion Harvey Aid Package.
https://t.co/PH2yZkWbN6
#Harvey #HoustonFlood https://t.co/Izpab…"
"58","I'm going to take a break from #Harvey coverage to celebrate that SETX Football is back! <U+2764> #44 #ScalpEm… https://t.co/gLNPg7qEqn"
"59","RT @T_I_P_R_O: .@HoustonChron's @cltomlinson reminds us why after #Harvey, #Houston needs petrochemicals more than ever: https://t.co/TL6Ab…"
"60","If you would look closely the KFC Man looks sort of like a stick man #kfc #Harvey  #staystrongtexas #hurricane… https://t.co/lXM3P8yz8M"
"61","If you are still looking for ways to help victims of #flooding from #Harvey click here https://t.co/y46hfTQpmu"
"62","Tonight 8pm we have @StinsonCountry in concert for a special #harvey recovery fundraiser. #HOU #RiceVillage… https://t.co/rIazyqHqGv"
"63","RT @12NewsNow: Hope was just 10 days old when her family was rescued following #Harvey.  (Photo by Noelle Mills) https://t.co/PTU3hHEWl2"
"64","RT @SChapaSABJ: VIDEO: First tanker to travel through the Corpus Christi Ship Channel after it was shut down during Hurricane #Harvey (via…"
"65","RT @statebaroftexas: .@TexYoungLawyers has come out with a new guide on hiring a contractor after natural disasters like #Harvey: https://t…"
"66","@RamonRoblesJr Many prominent deaths this weekend. Would love to hear Dave Hlubek's...#FlirtingWithDisaster #Harvey"
"67","RT @UTSA: Sending <U+2764><U+FE0F> to all those affected by #Harvey. @utsasosa #TexasStrong #UTSA https://t.co/hSmZljB1UX"
"68","RT @MarlaABC13: City of Houston employee missing. He was last heard from during the height of #Harvey. He was on his way to work @abc13hous…"
"69","The guys at @NormanFredeChev are the bestttt not only did they fix my #Harvey damage... they detailed it ANDDDD use… https://t.co/MHJcKU3uRu"
"70","Amazing @springspiritbb kids wanted to help #Harvey victims. Sold lemonade &amp; got $10,000 check! Proud to tell their… https://t.co/ephcoRe5Ly"
"71","Me feelings on #Harvey and #irma right now. @ Freese Media Group https://t.co/RJScUkRRoC"
"72","RT @TXLA: #Harvey PSA: Library Recovery Connection. Tell us if you're a library needing assistance or someone offering support
https://t.co…"
"73","RT @TAMU: Last week, @TAMUyell visited NYC to talk with @SportsCenter, @foxandfriends, &amp; @finebaum about #Harvey relief! https://t.co/jCHq5…"
"74","RT @DrBobBullard: Denying Hurricane #Harvey’s #climate links only worsens future suffering
https://t.co/eI0aOqUkYw"
"75","RT @TexasTribune: We're talking tomorrow w/ 3 Tribune reporters on their #Harvey experiences &amp; what's next for Houston: https://t.co/ac0q5Y…"
"76","RT @kbeninato: Post-#Harvey FEMA is dangerously close to running out of money. With #Irma on the way wasting $ on a Trump vanity wall would…"
"77","RT @HamiltonMS1: THANK YOU! We are #HoustonStrong #HeightsLife We need volunteers to help hand out donations tomorrow 9-5 #HISD #Harvey htt…"
"78","After seeing the catastrophic stories of families that were directly affected by #Harvey it meant hugging my babies… https://t.co/QUc48dd9oS"
"79","TCEQ: the liner protecting the toxic San Jacinto waste pits has been ""exposed"" but ""no indication"" that waste has b… https://t.co/Gp99NUbW3D"
"80","RT @GregAbbott_TX: Thanks to Boston dental business DentaQuest for donating $1M to https://t.co/XZ2f4R29kW to help Texas after #Harvey. htt…"
"81","'Navigating Cancer Care in the Midst of a Natural Catastrophe' https://t.co/qHmFlQlCLW via @cure_magazine #Irma #Harvey"
"82","RT @nathanlino: Thanks to my new friend Michael @Whataburger for donating to #Harvey relief through Farrington Mission. https://t.co/fdEtxL…"
"83","RT @elizabethcrisp: .@LouisianaGov urges Congress to address SBA loan issue as it considers #Harvey aid https://t.co/VGv2ukQB5d @theadvocat…"
"84","RT @AntonioArellano: Many Houston #DREAMers lost everything they had to #Harvey

Now, they've lost #DACA

Help the most vulnerable:
https:/…"
"85","RT @stjbs: An absolutely incredible #harvey essay: I downloaded an app. Suddenly, I was a rescue dispatcher. https://t.co/8ds8PLf4Qe"
"86","RT @JimSharpe: Of course they are. Godspeed

After #Harvey, @PHXFire Task Force 1 en route to Florida to help if #Irma hits https://t.co/MJ…"
"87","A friend of mine in Houston needs help repairing the #Harvey damage to his home. Every little bit helps. Thank you! https://t.co/OfoojXpjVp"
"88","Trying our best to overcome #harvey My #onramps class met again to practice #rstudio b4 school reopens. So proud of… https://t.co/mULwVkXMjr"
"89","RT @NWSHouston: DO NOT go out to sight see the damage/flooding! #Harvey https://t.co/N6A1bLOrRS"
"90","RT @KPRCAndyCerota: Volunteers from Florida &amp; Iowa helping cleanup crews at C.E. King HS in @SheldonISD with #Harvey recovery. @KPRC2 6pm #…"
"91","My frequently used emoji list basically sums up my week of #Harvey in #Houston: <ed><U+00A0><U+00BD><ed><U+00B8><U+008E><ed><U+00A0><U+00BD><ed><U+00B0><U+008A><ed><U+00A0><U+00BD><ed><U+00B8><U+00A3><ed><U+00A0><U+00BC><ed><U+00BD><U+00BB><ed><U+00A0><U+00BC><ed><U+00BC><U+00AE><ed><U+00A0><U+00BD><ed><U+00B8><U+0096><ed><U+00A0><U+00BD><ed><U+00B2><U+0081><ed><U+00A0><U+00BD><ed><U+00B8><U+009C><ed><U+00A0><U+00BD><ed><U+00B8><U+008A><ed><U+00A0><U+00BE><ed><U+00B4><U+00A6><U+200D><U+2640><U+FE0F><ed><U+00A0><U+00BC><ed><U+00BE><U+00A7><ed><U+00A0><U+00BD><ed><U+00B1><U+008D><ed><U+00A0><U+00BD><ed><U+00B8><U+00BB><U+263A><U+FE0F><ed><U+00A0><U+00BD><ed><U+00B8><U+00AD><ed><U+00A0><U+00BD><ed><U+00B0><U+00A9><ed><U+00A0><U+00BD><ed><U+00B8><U+0090><ed><U+00A0><U+00BD><ed><U+00B1><U+0086><ed><U+00A0><U+00BE><ed><U+00B4><U+009E><ed><U+00A0><U+00BE><ed><U+00B4><U+0097><ed><U+00A0><U+00BD><ed><U+00B1><U+008D><ed><U+00A0><U+00BC><ed><U+00BF><U+00BC><ed><U+00A0><U+00BD><ed><U+00B2><U+00AA><ed><U+00A0><U+00BD><ed><U+00B8><U+0082><ed><U+00A0><U+00BD><ed><U+00B8><U+00AC><ed><U+00A0><U+00BD><ed><U+00B9><U+008C><ed><U+00A0><U+00BC><ed><U+00BF><U+00BD><ed><U+00A0><U+00BD><ed><U+00B2><U+0095> 
#thinkpositive #thinktacos"
"92","The tiger and two lions have been transported to @TheAustinZoo until @thetexaszoo is operational again. #Harvey https://t.co/VDOOXZ3MGi"
"93","Don't worry #Houston, we'll get you back on the road in no time #harvey #houstonstrong #truckerlife #bigrig… https://t.co/ognnc51wAZ"
"94","Do you have questions about renter's rights after #Harvey? Ask @TedABC13 a question NOW on Facebook Live:… https://t.co/osbfIEiqgl"
"95","RT @abc13houston: .@JJWatt's fundraising efforts for #Harvey relief reached nearly $27 million,thanks to $5 million donation from @HEB http…"
"96","RT @HoustoniaMag: #Harvey recovery efforts have been stymied by traffic, with months’ worth of work still ahead.
https://t.co/4aDKtmQFNf"
"97","RT @JerryHaddican: @TxDOT appreciates @USDOT &amp; the opportunity to provide information on infrastructure in TX after #Harvey https://t.co/UD…"
"98","RT @ReadyHarris: Touching debris that's touched #Harvey flood waters? WASH UP and WEAR GLOVES! Harris County Debris Pickup has begun. Info:…"
"99","RT @PatrickSvitek: The breakdown of the Trumps' $1 million personal donation to #Harvey relief efforts, via the White House: https://t.co/p…"
"100","A little levity between #Harvey and #Irma2017 . My dog and his stick... https://t.co/6zUy4B5iMp"
"101","Was informed today that our kids daycare is charging us for the entire week they were closed for #harvey even though they were closed"
"102","RT @Zello: If you used Zello during #Harvey please take a moment to give us feedback: https://t.co/TT8bgQCv3J https://t.co/JTJLaBBmhh"
"103","RT @SenTedCruz: .@SenateFloor:#Harvey was unlike anything. The scope of this disater is beyond words.  The destruction stretches from Corpu…"
"104","9/5, evening: #VET members + soldiers engaged in ""puppy therapy.""
#TAMU #CVM #Harvey https://t.co/OoMe7sIgrZ"
"105","RT @RebeccaOnFOX7: Watch my discussion w/ Mary from @austinpetsalive about #Harvey rescue efforts. &amp; face recognition to find lost pets! #A…"
"106","RT @bravelittleco: The Brave Little artist family rode out #Harvey &amp; are safe. We know many students, teachers, &amp; artists need help. #Houst…"
"107","9/5, evening: US National Guard members stopped by to help put up tents at new #VET base of operations in Beaumont.… https://t.co/NgtKQA80VV"
"108","RT @KPRC2: .@googoodolls turn The Woodlands #Texas concert into Hurricane #Harvey benefit https://t.co/b2rASJhePg https://t.co/TFoFLSYunC"
"109","@Montel_Williams Hmmm, don't recall you saying that about #Harvey"
"110","This water line shows just how high flood water rose at this #Beaumont home. Has to be at least 8 feet #Harvey… https://t.co/CzOoI0alVI"
"111","@cher will u be in Vegas (9/9-9/12) I really want to see u in concert Ive been getting my apt back at 100 n I haven’t checked dam #Harvey"
"112","RT @abc13houston: The Empire State Building in New York is dark tonight in solidarity with those affected by #Harvey: https://t.co/mzSLmlYv…"
"113","Of course they are. Godspeed

After #Harvey, @PHXFire Task Force 1 en route to Florida to help if #Irma hits https://t.co/MJOQbdNEL4"
"114","RT @TFRW: There are still people in need of relief from #Harvey. Visit our website to see how you can help! https://t.co/wpe6Bx1ePm"
"115","RT @KeriKimler: Due to the after-effects of Hurricane #Harvey, the date and location for this event have changed. https://t.co/2l8EIyEuvg"
"116","The latest The San Antonio Daily! https://t.co/BnzZfbah9w #ksatnews #harvey"
"117","RT @HCSOTexas: So many have asked. Here's volunteer info. We need you! #harvey #hounews #HurricaneHarvey https://t.co/r96nmFJAx4"
"118","Today in my commute to work in Austin, I saw over 20 vehicles from @PHXFire @AZNationalGuard returning from #Harvey. Amazed at the support!"
"119","Meeting with @EnergyCorridor businesses regarding plans to return normalcy. #Harvey #HoustonStrong https://t.co/IzGLkeYwPo"
"120","RT @HoustonISD: Register today: #HISD Parent Summit to support learning and provide resources on recovering from #Harvey. https://t.co/C90Q…"
"121","@statesman BEWARE! photos from my SE Austin back yard, 09/05: Cottonmouth AKA water moccasin snake? Venomous. After… https://t.co/7mn7qswilj"
"122","What's up at the Austin Diaper Bank? Our newsletter: #Harvey relief, new ED, #Diaper Need Awareness Week, new bin! https://t.co/al6mnbJXXQ"
"123","9/6: #VET team made field service calls in Jefferson County + still operating in Rockport, Brazoria County &amp; Sour Lake. #TAMU #CVM #Harvey"
"124","RT @TAMUGeosciences: Stuck at sea in the middle of Hurricane #Harvey: read this Texas A&amp;M crew's harrowing story. https://t.co/Q47bPGqR6K #…"
"125","During times like these, the following information could provide to be useful: https://t.co/JvBs6wGYJR #cattle… https://t.co/8dGlIFzUDb"
"126","RT @MattHafeli: As a Beaumont resident post-#Harvey, I give <ed><U+00A0><U+00BD><ed><U+00B1><U+008D><ed><U+00A0><U+00BC><ed><U+00BF><U+00BB><ed><U+00A0><U+00BD><ed><U+00B1><U+008D><ed><U+00A0><U+00BC><ed><U+00BF><U+00BB> to: @kfdmnews @HEB @Cityofbmt @EntergyTX @verizon @fema @RedCross @sojourn…"
"127","RT @frijoles12: As you can plainly see #Trump folks risking their lives to save #Houston during #Harvey but  ungrateful #Antifa destroy #Be…"
"128","RT @torchnet: Ted Shaw and @texashospitals announce $1M gift to hospital employees affected by #Harvey. Remarkable. To give, go to https://…"
"129","RT @StMarysU: Share what you're doing to help #Harvey victims. We'll RT!

Alumna @tcfitnesshealth used her personal training business to gi…"
"130","RT @USTWSoccer: #Harvey can't keep us down. We're back at it Friday! #USTWS

<U+26BD><U+FE0F> vs. #NAIASoccer #11 @MobileRams
<ed><U+00A0><U+00BD><ed><U+00B3><U+0085> Sept. 8
<U+23F0> 7 p.m.
<ed><U+00A0><U+00BD><ed><U+00B3><U+008D> Orange…"
"131","RT @PoojaOnTV: Crews working to get Beltway 8 open again!  #abc13 #Harvey https://t.co/IWNIcJ2v0r"
"132","Oh man :( #Harvey #aftermath #whatasight https://t.co/JTRA6HJQX6"
"133","#Harvey: The foundation of a home is where I'm standing. The roof is in the tree. https://t.co/HaQCnuQ5cp"
"134","Partnering with @AggieSoccer to help families of children fighting cancer who have been affected by #harvey.… https://t.co/1UGAArU7tY"
"135","RT @hcphtx: Families affected by #Harvey might not be able to go to clinics, so brought #healthservices to the community. THIS IS #PUBLICHE…"
"136","#Harvey can't keep us down. We're back at it Friday! #USTWS

<U+26BD><U+FE0F> vs. #NAIASoccer #11 @MobileRams
<ed><U+00A0><U+00BD><ed><U+00B3><U+0085> Sept. 8
<U+23F0> 7 p.m.… https://t.co/EozDzyaxZG"
"137","RT @mihirzaveri: By @GabMoBanks: Homeowners, businesses sue Army Corps over releases from Addicks and Barker of #Harvey floodwater https://…"
"138","Umm, triangular shaped head--water moccasin or cottonmouth snake? Shot these photos near my back door, 09/05, SE Au… https://t.co/IglgOHZMCL"
"139","RT @WazabiBaytown: Happy hour all night for the month of September #happy hour #harvey #sushi #foodporn #baytown"
"140","RT @TDHCA: If you applied for @FEMA disaster assistance, here's what you can expect next. For more #Harvey recovery info, see: https://t.co…"
"141","RT @BridgeTheGulf: In #PortArthur @jsdart reports on @HiltonKelley's return after #Harvey &amp; why we need #AJustHarveyRecovery. https://t.co/…"
"142","RT @EmilyAmPress: 'You are my heroes.' Mayor praises volunteers, employees, law enforcement agencies for helping #Harvey recovery https://t…"
"143","Harris County was warned of flood risk 20 years ago https://t.co/DoUBbdJWXs via @ABC13Houston#cnn #abc #harvey"
"144","Sorry Mijos WEPA IS RESCHEDULED FOR NEXT WEEK DUE TO #Harvey Renovations FREE RSVP IS STILL… https://t.co/9q5VpAuNmZ"
"145","Well that was two hours of my life I won't be getting back. #Harvey #Traffic"
"146","RT @BAP2017: Texas Mother Drowned Saving 3-Year-Old Daughter Found Clinging To Her Back!
#ColetteSulcer #Harvey #Texas #RIPColetteSulcer #H…"
"147","RT @HoustonSPCA: Updated link: https://t.co/I8oalAYVKk. Lost and found for #Harvey victims. Please share! https://t.co/x7q6tGIIfN"
"148","Tell the @realDonaldTrump regime: Restore the Federal Flood Risk Management Standard. https://t.co/kjuMCTsO5a via @CREDOMobile #harvey"
"149","RT @HoustonPubMedia: #DHS secretary says over 30,000 federal workers involved in #Harvey recovery https://t.co/TiQ1f4cqoo #houstonflood htt…"
"150","RT @MidlandOfficial: Please text ""Harvey"" to 90999 to help our brothers and sisters in Texas #TexasStrong #Harvey https://t.co/XqaeTTobD5"
"151",".@googoodolls turn The Woodlands #Texas concert into Hurricane #Harvey benefit https://t.co/b2rASJhePg https://t.co/TFoFLSYunC"
"152","My tour of District A cont'd. Some Dist A residents west of dam finally able to return home to access the damage.… https://t.co/CF0w6NqpF3"
"153","#Harvey recovery efforts have been stymied by traffic, with months’ worth of work still ahead.
https://t.co/4aDKtmQFNf"
"154","RT @GulfStateHB: Harvey flood dangers, what to look out for! #harvey #Flood #houston #dangerous https://t.co/9IBrZTeGUV"
"155","Press release on #UTSA Houston football game not being made up this season. Was canceled due to #Harvey… https://t.co/txUPvSyAx0"
"156","Post-#Harvey FEMA is dangerously close to running out of money. With #Irma on the way wasting $ on a Trump vanity wall would be ridiculous."
"157","One more thing that has slipped out of my brain because #Harvey. Adding it to the list."
"158","It's somehow worse than before #Harvey <ed><U+00A0><U+00BD><ed><U+00B8><U+00A9><ed><U+00A0><U+00BD><ed><U+00B8><U+00A9>"
"159","Dr. Richard Gibbs talks about how preparation made it possible for research to resume at Baylor after #Harvey. https://t.co/tN8cah5aCr"
"160","RT @HoustonISD: Former Second Lady Dr. Jill Biden is w/ @SavetheChildren @ Forest Brook MS to see how #Harvey impacted the school community…"
"161","RT @HoustonPubMedia: Here's one of the many native species the @WildlifeCenterT has rescued due to #Harvey. Watch for the story tomorrow! h…"
"162","RT @HarrisCountyDAO: Harris County District Attorney's Office staff packing, moving and awaiting our new homes. #Harvey #HoustonStrong http…"
"163","@lauferlaw But we still have <ed><U+00A0><U+00BC><ed><U+00BC><U+00AE><ed><U+00A0><U+00BC><ed><U+00BC><U+00AE><ed><U+00A0><U+00BC><ed><U+00BC><U+00AE> so we win. #texas #harvey"
"164","We offer 3 wine pairings for your @HouRestaurantWk meal. And each one of them benefits Hurricane #Harvey relief!… https://t.co/aA5VwoL4iM"
"165","@TxDOT appreciates @USDOT &amp; the opportunity to provide information on infrastructure in TX after #Harvey https://t.co/UDGDipE540"
"166","There are still people in need of relief from #Harvey. Visit our website to see how you can help! https://t.co/wpe6Bx1ePm"
"167","#DHS secretary says over 30,000 federal workers involved in #Harvey recovery https://t.co/TiQ1f4cqoo #houstonflood https://t.co/Q1YurbRHSH"
"168","#DHS secretary says over 30,000 federal workers involved in #Harvey recovery https://t.co/8Eowo55Awn #houstonflood https://t.co/gY9RRmSv1b"
"169","#DHS secretary says over 30,000 federal workers involved in #Harvey recovery https://t.co/44R8oHaL8f #houstonflood https://t.co/56vVFCQ226"
"170","RT @tamu_ocean: Post-Hurricane #Harvey Recovery Resources, via @TXSeaGrant: https://t.co/mVncgqxQBE https://t.co/9py4lGtNZf"
"171","Three hours on the road and still counting.. Takes 45 mins in heavy traffic on a regular day #houston #Harvey"
"172","All these hurricanes coming. Mother Nature is angry at the Gulf states. #RedStates #trump #Irma #jose #harvey"
"173","Here is the latest on the #WestHouston curfew to allow for safety in #harvey recovery https://t.co/GhL5cp5QOI"
"174","'You are my heroes.' Mayor praises volunteers, employees, law enforcement agencies for helping #Harvey recovery https://t.co/Rl0Jwkeh6R"
"175","RT @TTLA_: Help @TTLA_ support the relief &amp; rebuilding efforts for the communities affected by #Harvey. Contribute here: https://t.co/6ZOih…"
"176","RT @BakerInstitute: How #Houston can protect against another #Harvey-like #flood. Faculty Scholar Jim Blackburn's report explains —&gt; https:…"
"177","RT @elizabethcrisp: ICYMI: @POTUS  identifies 12 charities he's giving $1M to for #Harvey relief https://t.co/A9rqEs2Ewn"
"178","RT @romeo_yatar: Huge Thanks H-E-B for your donations! #Harvey @rickeycbailey @SpringISD @BaileyBuccaneers
@SpringISDStrong
@Dr George Flor…"
"179","Due to the after-effects of Hurricane #Harvey, the date and location for this event have changed. https://t.co/2l8EIyEuvg"
"180","RT @ReadyHarris: Neighbors helping neighbors: help each other out with difficult/heavy #debris removal to prevent injury. #Harvey #safetyfi…"
"181","SJMC didn't experience any significant damage to our bldgs &amp; were fortunate to remain operational, without any incidents, throughout #Harvey"
"182","RT @ReadyHarris: FROM @TxDOT and @HCTRA |  Workng Together to Restore West Houston Mobility #Harvey https://t.co/WTdxqqsfrk https://t.co/Po…"
"183","#RedCross Exec Doesn't Know What Portion Of Donations Go To #Harvey Relief
https://t.co/9D25hXll4R"
"184","RT @_JuanRodriguez_: Students at @LamarUniversity are getting college credit for helping out in #Harvey recovery efforts

We'll explain on…"
"185","Late fees add problems for tenants who missed out on work during #Harvey https://t.co/LUMjywLpT9 #houstonflood https://t.co/nMuyB4T5aU"
"186","Late fees add problems for tenants who missed out on work during #Harvey https://t.co/jKDmg7wNwh #houstonflood https://t.co/yhcSpfzsEg"
"187","Late fees add problems for tenants who missed out on work during #Harvey https://t.co/A6CCgVcs3R #houstonflood https://t.co/5NfS9JDwVm"
"188","ICYMI: @POTUS  identifies 12 charities he's giving $1M to for #Harvey relief https://t.co/A9rqEs2Ewn"
"189","RT @RepGeneGreen: .@SBAgov has opened a Business Recovery Center to help businesses affected by #Harvey.  RT to share! https://t.co/aQieMqJ…"
"190","RT @austin360: Hurricane #Harvey: Stag Provisions’ Flea Market to benefit relief fund https://t.co/73h0WTnWFz https://t.co/B1vHK3b0CG"
"191","Congress using #Harvey victims to justify raising debt ceiling. $8 billion in aid vs a $4 TRILLION budget. That's 0.2%. Insulting, shameless"
"192","#KeishaWilliams would have turned 33 Saturday.
She died in #Harvey flood waters near her Woodforest apt #ABC13!!… https://t.co/W5e6wH485B"
"193","Ty @janinebeckie4, @realroyallyfly, &amp; @RachelDaly3 for making this T-shirt-donation possible. <ed><U+00A0><U+00BD><ed><U+00B2><U+009C> it. 

#Harvey… https://t.co/jkvk2tyrUF"
"194","RT @bcmhouston: Baylor experts offer patient care tips for those who may be facing medical challenges in the aftermath of #Harvey. https://…"
"195","See my recent email for #Harvey clean-up &amp; recovery information. Please share w/ loved ones without internet access. https://t.co/18YAjAjx7x"
"196","RT @densilva2: .@cincofb senior Josh Ofili was one of 87 Cougars displaced by #Harvey. He shared his experiences today: https://t.co/YG0bL9…"
"197",".@unionhouston is serving a family w/ the following needs. Please reach out to me if you can meet any… https://t.co/uuzHlbOCyG"
"198","US 96 between Silsbee and Lumberton open, down to one lane over Slough Bridge #setxnews #harvey"
"199","RT @UHCLTheSignal: QUESTION OF THE WEEK: Do you think #UHCL's response throughout the duration of Hurricane #Harvey was sufficient? Why? Wh…"
"200","Please consider helping w/ #Harvey flooding disaster recovery https://t.co/CnBAy2FEkh via @youcaring"
"201","We're talking tomorrow w/ 3 Tribune reporters on their #Harvey experiences &amp; what's next for Houston: https://t.co/ac0q5YWDJB #ttevents"
"202","Volunteers from Florida &amp; Iowa helping cleanup crews at C.E. King HS in @SheldonISD with #Harvey recovery. @KPRC2 6… https://t.co/ePyveGS4jS"
"203","Get used to seeing debris from #Harvey cleanups. https://t.co/gnah0hIDGf It will be with us for months. By… https://t.co/WnjNqvGMoP"
"204","RT @TXCapTonight: At 7 @TexasFarmBureau's Gene Hall on #Harvey's toll on ag industry: ""I hate to say it but I think you might lose some far…"
"205","Thinking of all the public employees who worked through labor day to beat back damage from the storm. https://t.co/WBedfeYYvf #harvey"
"206","@BarReNaples @rainrainrain77 @adair1946 @voter1vote @LewisCo86458825 @GodsWordIsFree @The_Dixon_Cider @Simeagh… https://t.co/KgIuGjJfWn"
"207","I just bought my copy of ""An Inconvenient Deception"" by Roy Spencer. I revel in the liberal bleating after #Harvey.

https://t.co/umQ5TAT3Ma"
"208","Anyone else see that #Harvey and #Irma are God's revenge for Republicans and so-called ""Christians"""
"209","RT @abc13houston: VOLUNTEERS NEEDED: @cohoustonfire Station 44 cooking this AM for #Harvey victims. How you can help https://t.co/0uZqkNQqz…"
"210","RT @Meagan_Flynn: Pretty repulsive. Glad this wasn't the attitude of our Houston and Harris County law enforcement during #Harvey. https://…"
"211","RT @TexasWatch: For those impacted by #Harvey, we stand with you. We support you. We are with you. https://t.co/MIWVdMy8Qy"
"212","RT @casaelbuen: We have a lot of resources. If you need help cleaning your home of debris after #Harvey register now! #HouRecovers #houston…"
"213","RT @imkevinquinn: If you are looking for a place to help w/ #harvey cleanup, there's many homes in Valley Lodge near Simonton where they ca…"
"214","$500 relief to @CLEAT members devasted by #Harvey. https://t.co/GvQsKNEktD"
"215","RT @HPMNews887: #HarrisCounty delays hundreds of trials due to #Harvey damage https://t.co/swpYD0PC1R #houstonflood https://t.co/niPqbP0hwf"
"216","RT @MoPD_Houston: Thank you Sprint for donating materials to support communication access in our #Harvey shelters! #HoustonStrong https://t…"
"217","RT @TexasAppleseed: Do you have insurance claims questions because of #Harvey? Our blog features a simple Q-and-A fact sheet w/ info https:…"
"218","As a Beaumont resident post-#Harvey, I give <ed><U+00A0><U+00BD><ed><U+00B1><U+008D><ed><U+00A0><U+00BC><ed><U+00BF><U+00BB><ed><U+00A0><U+00BD><ed><U+00B1><U+008D><ed><U+00A0><U+00BC><ed><U+00BF><U+00BB> to: @kfdmnews @HEB @Cityofbmt @EntergyTX @verizon @fema @RedCross @sojournbeaumont @JJWatt"
"219","#HarrisCounty delays hundreds of trials due to #Harvey damage https://t.co/tul7YKqWEd #houstonflood https://t.co/Yk3n9BYrBD"
"220","#HarrisCounty delays hundreds of trials due to #Harvey damage https://t.co/swpYD0PC1R #houstonflood https://t.co/niPqbP0hwf"
"221","#HarrisCounty delays hundreds of trials due to #Harvey damage https://t.co/gHboYkOg9J #houstonflood https://t.co/Zok7jubcoY"
"222","RT @AntonioArellano: More than a week after #Harvey, families still searching for 14 missing loved ones in #Texas 

https://t.co/ZxJoacEq3z"
"223","It's so hard to describe the devastation left behind by #Harvey. Here in Porter, TX -- every person I've talked to… https://t.co/IUodB7nJZF"
"224","At 7 @TexasFarmBureau's Gene Hall on #Harvey's toll on ag industry: ""I hate to say it but I think you might lose so… https://t.co/DiehfauSZO"
"225","@AuthenticTX @ThomasWictor #TexasProud here also!! We showed the world our strength &amp; unity and what it means to be… https://t.co/B8QDPFWnbF"
"226","RT @davidnguyeng: Praying to all of those in the Caribbean &amp; also praying that #HurricaneIrma doesn't make landfall on Florida. #Harvey was…"
"227","#texasstrong #notonlyHouston #Harvey #2017<U+2764><U+FE0F> @ House of Gore https://t.co/eWnYzGl5w0"
"228","RT @TexasTribune: As classes resume at @UHouston, students, faculty and staff are finding ways to help each other after #Harvey: https://t.…"
"229","Family seeks answers after city employee disappears without a trace during #Harvey https://t.co/4ksciUU0Ob"
"230","RT @HoustonChron: Your commute will be a mess their morning, and for some time to come. https://t.co/dKOIVhjw5e #harvey #houtraffic #hounew…"
"231","Hurricane #Harvey: Stag Provisions’ Flea Market to benefit relief fund https://t.co/73h0WTnWFz https://t.co/B1vHK3b0CG"
"232","RT @TexasSouthern: Thank you @Boporter16Bo for honoring our First Responders for their work during #Harvey keeping our students and campus…"
"233","RT @theadvocatebr: The #CajunNavy is on its way to Houston to help with #Harvey recovery. Read about the group's past heroics here: https:/…"
"234","RT @RepGeneGreen: If you have questions about #Harvey disaster recovery or insurance claims, please visit my website for more info: https:/…"
"235","Crews begin pumping water from flooded Beltway 8 West. Story and photos --&gt; https://t.co/Tf9RSsOXxK #HoustonFlood… https://t.co/MS3YQcmdeh"
"236","If you have questions about #Harvey disaster recovery or insurance claims, please visit my website for more info:… https://t.co/lQgxluhQ2X"
"237","RT @chronMC: Hurricane recovery humor. #harvey  Seen in Westbury https://t.co/CVCaybFvwG"
"238","Don't miss @RKCelebrityJam https://t.co/6H9Sy2jOhd Support #Harvey Get autographs Drink beer Homeruns by me @comontater @WillymfBraun"
"239","If you're wondering why traffic is horrible... #Beltway8 #Harvey #Abc13 https://t.co/vH76wWcgua"
"240","RT @BeckyWallace1: First box of picture books is ready to go! 106 books just in this box! I can barely lift it!! #BooksForHouston #Harvey #…"
"241","RT @AufstandS21: <ed><U+00A0><U+00BC><ed><U+00B6><U+0098><ed><U+00A0><U+00BD><ed><U+00B0><U+00B6><ed><U+00A0><U+00BD><ed><U+00B0><U+00BE><ed><U+00A0><U+00BD><ed><U+00B8><U+00A2>Please<ed><U+00A0><U+00BD><ed><U+00B9><U+008F> help sharing<U+203C><U+FE0F>Thanks for helping to spread the word about how we can help displaced pets <ed><U+00A0><U+00BD><ed><U+00B8><U+00BF> #Harvey Texas https…"
"242","@chaosbria My copy of Phasma is still stuck in some #Harvey created Amazon time-warp. Not going to arrive till the 14th..."
"243","Doing a very special live show in Los Angeles to benefit those affected by #Harvey. Please join me and support! Tix… https://t.co/jhBMA5hkRk"
"244","If #Harvey hadn't caused enough damage already, I find out today that we are ""field-less"" as the county is using the park for debris!"
"245","RT @HoustonMatters: Advice: How To File Claims After #Harvey @HoustonPubMedia @HPMNews887 #HouNews 
https://t.co/PnhBoMVZBJ https://t.co/E9…"
"246","RT @TexasDSHS: [News release]: Texas to conduct aerial #mosquito control over Refugio, Bee counties in wake of #Harvey. Read it at https://…"
"247","RT @mattlanza: #Harvey left me feeling more shaken &amp; emotional than any weather event I've handled. My retrospective @SpaceCityWX: https://…"
"248","RT @KXAN_News: J.J. Watt Foundation gets $5M from @HEB chairman for #Harvey relief
https://t.co/qLf9oOuRKP https://t.co/GlpO4r4MtJ"
"249","RT @SenTedCruz: Heidi, the girls, my staff &amp; I are proud to serve #TX &amp; lend a helping hand to those impacted by #Harvey in #Houston today.…"
"250","#harvey #HarveyRelief Please get bottled water to the evacuees who are staying at Gallery Furniture in Houston if y… https://t.co/VUT4Mj4m0H"
"251","RT @HoustonHealth: Do not eat any food that came in contact with #Harvey floodwaters. When in doubt, throw it out. https://t.co/weYGLK2U9U…"
"252","RT @HoustonHealth: If #Harvey rain or floodwaters got into your home, take steps to prevent #mold growth. https://t.co/weYGLK2U9U  #HouReco…"
"253","We are planning to open 30 school sites in #HOUSTON #Harvey #Houstonstrong  https://t.co/TA6W3ryHO0  Donate here: https://t.co/v09aVgmvVq"
"254","Crews working to get Beltway 8 open again!  #abc13 #Harvey https://t.co/IWNIcJ2v0r"
"255","RT @HoustonHealth: WIC clients who evacuated, lost their WIC card or food benefits can replace them at #Harvey WIC sites. https://t.co/bON0…"
"256","“@PoojaOnTV: Wondering why you're stuck I traffic?  So, this is Beltway 8 at Boheme... #abc13 #Harvey https://t.co/hfQePrRqHY”"
"257","We want you to #TurnToTed on Facebook Live at 6 for all your questions on renter's rights linked to #Harvey. Submit… https://t.co/RaSOlVCeNJ"
"258","RT @HoustonHealth: If #Harvey rain or floodwaters got into your home, take steps to prevent #mold growth. https://t.co/T6xDUSHh6s  #HouReco…"
"259","Advice: How To File Claims After #Harvey @HoustonPubMedia @HPMNews887 #HouNews 
https://t.co/PnhBoMVZBJ https://t.co/E9raNvwme7"
"260","#State, #Local Officials Meet With #CabinetMembers To Discuss #Infrastructure Plan #Harvey https://t.co/G66oqvqBxT"
"261","RT @abc13houston: WATT A DONATION! @HoustonTexans star @JJWatt has raised $20M for #Harvey relief efforts with your help! THANK YOU, HOUSTO…"
"262","RT @hcfcd: If you were impacted by #Harvey and don't have flood insurance start by visiting https://t.co/J9zg7zfFNm or call @fema at 1-800-…"
"263",".@cincofb senior Josh Ofili was one of 87 Cougars displaced by #Harvey. He shared his experiences today: https://t.co/YG0bL9uzK7 #txhsfb"
"264","Mold &amp; reaction to mold allergies should be on our DDX for upper respiratory sx after #Harvey. Bring on the RT! https://t.co/dk6zEnpJjs"
"265","RT @SheriffEd_HCSO: Team @HCSOTexas is still hard at work helping our residents recover from #Harvey. We are with you. https://t.co/8S17FtX…"
"266","RT @TxCDD: Check out @DisRightsTx's new guide: #Housing Rights Information for People with #Disabilities Impacted by #Harvey

https://t.co/…"
"267","We have a lot of resources. If you need help cleaning your home of debris after #Harvey register now! #HouRecovers… https://t.co/eFixZyaSjp"
"268","RT @AliyyaSwaby: Tip sheet for families displaced by #Harvey who have students with disabilities: https://t.co/2FOdr30GZg #txed"
"269","RT @JNell74: #HurricaneIrma is the crazy ex girlfriend running after #Harvey <ed><U+00A0><U+00BD><ed><U+00B8><U+00B1>"
"270","RT @JanelleKHOU: After days of driving on empty, flooded roads, I never though I'd be so happy to see #HoustonTraffic! #Harvey #KHOU11 http…"
"271","RT @TSLAC: Texas State Library and Archives Commission to offer “Rebuilding Texas Libraries” Disaster Relief Grants #harvey https://t.co/nh…"
"272","I'm going to @SourceCon thanks to over $4700 raised by @Source_Houston for #Harvey relief. #HoustonSourcingCrew https://t.co/WAoSRUY3Ha"
"273","RT @TxDOTBeaumont: Small cattle drive on SH124 in BMT right now. Be careful, lots of livestock trying to find higher ground #Harvey https:/…"
"274","6pm on @abc13houston meet Bill Fly. The 99 year-old WWII vet who lost his home during #Harvey but is making a comeb… https://t.co/Dk0qNEwx7b"
"275","We have volunteers ready to help! Register to receive help cleaning your homes after #Harvey #Houstonstrong https://t.co/bhidKFyUvI"
"276","Did I do smethin to PO the climate? #Harvey hits #Texas and now #Irma headed to my hometown, #Miami. What's next? Jose headed to Colombia? <ed><U+00A0><U+00BD><ed><U+00B8><U+00A9>"
"277","RT @PoojaOnTV: Sitting in #Harvey traffic forces me to be more observant!  Did #Houston always have so many beautiful flags? #PassengerSeat…"
"278","RT @MagEGordon: #Harvey left everything in #Beaumont heavy &amp; wet w/ water. Still, there's nothing to drink. https://t.co/epmKVj8NbI @Housto…"
"279","@francis_urbaez @SaltStack I've cobbled some things together but don't have any real documentation.  Once things ha… https://t.co/sHqEVqGGUF"
"280","RT @HoustonPubMedia: In post-Harvey recovery, Houston schools feeding thousands of families a day https://t.co/zfRAAu7wMe #harvey #houstons…"
"281","Sept. 6: Here's our 5 p.m. update on #Harvey restoration in #Texas. #HurricaneHarvey https://t.co/o6Lcz9RKSd https://t.co/cAdQ7p4M9D"
"282","New #Blog post.  #Hurricane #HurricaneHarvey #TexasStrong #TexasFlood #Harvey #HarveyRelief #Deepintheheartoftexas https://t.co/wRMyZUL98T"
"283","FROM @TxDOT and @HCTRA |  Workng Together to Restore West Houston Mobility #Harvey https://t.co/WTdxqqsfrk https://t.co/PowP1q6mug"
"284","In post-Harvey recovery, Houston schools feeding thousands of families a day https://t.co/zfRAAu7wMe #harvey… https://t.co/W2mqV08oUi"
"285","In post-Harvey recovery, Houston schools feeding thousands of families a day https://t.co/l067yvckQ0 #harvey… https://t.co/w065FMHLdN"
"286","In post-Harvey recovery, Houston schools feeding thousands of families a day https://t.co/xTKz8ZhDZr #harvey… https://t.co/oY3vfJqiHL"
"287","Due to the after-effects of Hurricane #Harvey, the date and location for this event have changed.… https://t.co/u8QuIrz4mg"
"288","RT @HoustoniaMag: These Houstonians kayaked around Houston during #Harvey saving the lives of those stranded in the floodwaters.
https://t.…"
"289","RT @ExxonMobilBTA: Thank you @RedWingShoes for stopping by to replace our employees’ boots ruined during #Harvey recovery. https://t.co/Xdp…"
"290","Even though #Harvey's aftermath will test our resolve, it will never break our spirit. #409Strong #TexasStrong https://t.co/6JjAu73QQZ"
"291","We have more #volunteers! Please sign up homeowners you know need #help with cleanup from #harvey! #houstonrelief… https://t.co/3lFPzVDtcK"
"292","RT @KBTXNews: Texas Railroad Commission says the gas supply in the state is quickly recovering after #Harvey. https://t.co/YOaYgPKTUh"
"293","RT @TXBarCollege: Excited to announce our Board has approved donating $20,000—$10,000 each to @HVLPtweets &amp; @LStarLegal—for #Harvey #LegalA…"
"294","RT @HoustonISD: .@Hilliard_Elem is among #HISD schools that suffered ‘extensive’ damage in #Harvey. Here's an update on our campuses https:…"
"295","RT @TexasTribune: We want to hear from families who were displaced by #Harvey and are trying to get their children back in school. https://…"
"296","RT @ATXFlood: All volunteer #Harvey Counsiling Hotline. Free! 
""Get the help you need for the damage you can't see!"" Call 832-981-3233 
#Ha…"
"297","The National Guard is using Johnson Coliseum as a base of operations amid Hurricane #Harvey relief efforts.

https://t.co/aYiMHtEMIC"
"298","RT @AmyStarnes: Today's collection of important links, media stories: State Bar of Texas #Harvey Media Reports – Sept. 6, 2017 https://t.co…"
"299","Do homeowners suing over reservoir releases have a case? #Harvey #HouNews 
https://t.co/3VvlHlprfR https://t.co/2lnCrinmpa"
"300","Picking Up the Pieces: #Employer Responsibilities in the Aftermath of #Harvey | https://t.co/8ng5522UOt (via @Littler) #riskmanagement"
